{
    "users": [
        {
            "name":             "Ghost Owner",
            "email":            "ghost@ghost.org",
            "status":           "inactive"
        }
    ],
    "posts": [
        {
            "title":            "欢迎使用 Ghost 博客系统",
            "slug":             "welcome-to-ghost",
            "markdown":         "Yeah，博客上线了！这篇文章的目的是向你介绍 Ghost 编辑器并帮你快速上手。通过 `<your blog URL>/ghost/` 链接就可以登录系统后台管理你的博客内容了。当你进入后台，你就能看到左侧文章列表处列出的这篇文章，右侧就是这篇文章的预览效果。点击预览栏右上角的铅笔图标就能进入内容编辑页面。 \r\n\r\n## 快速入门\r\n\r\nGhost 使用 Markdown 语法书写内容。简单来说，Markdown 就是一种简化的书写格式！\r\n\r\n用 Markdown 语法写作是很容易的。在编辑界面的左侧就是你写作的地方。在你认为需要的时候，可以使用以下这些语法来格式化你的内容。例如下面这个无序列表：\r\n\r\n* Item number one\r\n* Item number two\r\n    * A nested item\r\n* A final item\r\n\r\n还可以是有序列表：\r\n\r\n1. Remember to buy some milk\r\n2. Drink the milk\r\n3. Tweet that I remembered to buy the milk, and drank it\r\n\r\n### 链接\r\n\r\n如果要链接其它页面，可以直接把页面的 URL 粘贴过来，例如 http://www.ghostchina.com - 会被自动识别为链接。但是，如果你想自定义链接文本，可以像这样： [Ghost 中文网](http://www.ghostchina.com)。很简单吧！\r\n\r\n### 图片\r\n\r\n插入图片也没问题！前提是你事先知道图片的 URL，然后像下面这样：\r\n\r\n![The Ghost Logo](http://static.ghostchina.com/image/3/fe/34a9831916be9db1381ecb320491e.png)\r\n\r\n如果图片在本地的硬盘里怎么办？也很简单！像下面这样书写就能为图片预留一个位置，然后你可以继续写作，回头再通过拖拽的方式把图片上传到服务器上。\r\n\r\n![一张图片]\r\n\r\n\r\n### 引用\r\n\r\n有些时候我们需要引用别人说的话，可以这样：\r\n\r\n> Wisdomous - it's definitely a word.\r\n\r\n### 代码\r\n\r\n或许你是个码农，需要贴一些代码到文章里，可以通过两个引号（Tab 键上面的那个键）加入行内代码 `<code>`。如果需要加入大段的代码，可以在代码前加 4 个空格缩进，这就是 Markdown 的语法。\r\n\r\n    .awesome-thing {\r\n        display: block;\r\n        width: 100%;\r\n    }\r\n\r\n### 分割线\r\n\r\n在任一新行输入 3 个或更多的短横线（减号）就是一条分隔线了。\r\n\r\n---\r\n\r\n### 高级用法\r\n\r\nMarkdown 还有一个特别用法，就是在你需要的时候可以直接书写 HTML 代码。\r\n\r\n<input type=\"text\" placeholder=\"这是个输入框！\" />\r\n\r\n只要掌握了上面的这些介绍，你就已经入门了！继续写作吧！",
            "image":            null,
            "featured":         false,
            "page":             false,
            "status":           "published",
            "language":         "en_US",
            "meta_title":       null,
            "meta_description": null
        }
    ],

    "tags": [
        {
            "name":             "系统简介",
            "slug":             "getting-started",
            "description":      null,
            "parent_id":        null,
            "meta_title":       null,
            "meta_description": null
        }
    ],

    "roles": [
        {
            "name":             "Administrator",
            "description":      "管理员"
        },
        {
            "name":             "Editor",
            "description":      "编辑"
        },
        {
            "name":             "Author",
            "description":      "作者"
        },
        {
            "name":             "Owner",
            "description":      "博客所有者"
        }
    ],

    "clients": [
        {
            "name":             "Ghost Admin",
            "slug":             "ghost-admin",
            "secret":           "not_available"
        }
    ]
}